artist,genre
.38 Special,rock
"10,000_Maniacs",pop
101_Strings,classical
10cc,rock
1910_Fruitgum_Company,pop
20_Fingers,electronic
2Boys,hip-hop
2_Brothers_on_the_4th_Floor,electronic
2_Unlimited,electronic
2_the_Core,Unknown
311,rock
3T,Unknown
4_Non_Blondes,Unknown
702,r&b
808_State,electronic
883,folk
911,electronic
98_Degrees,pop
ABBA,pop
ABC,Unknown
AC_DC,rock
AL_Bano,disco
ANKA_PAUL,adult standards
ARMSTRONG_LOUIS,jazz
A_Taste_of_Honey,disco
A_Teens,Unknown
Aaliyah,r&b
Aaron_Neville,Unknown
Ace,world
Ace_Frehley,metal
Ace_of_Base,electronic
Acoustic_Alchemy,jazz
Adam_and_Eve,Unknown
Adamo,world
Adamski,electronic
Adiemus,new age
Adriano_Celentano,disco
Adventures_of_Stevie_V.,Unknown
Aerosmith,rock
Air_Supply,rock
Al_Green,r&b
Al_Hirt,jazz
Al_Jarreau,jazz
Al_Jolson,jazz
Al_Martino,adult standards
Al_Stewart,Unknown
Al_Wilson,r&b
Alabama,country
Alain_Barriere,world
Alain_Bashung,world
Alain_Chamfort,world
Alain_Souchon,world
Alan_Jackson,country
Alan_Parsons,rock
Alanis_Morissette,Unknown
Alannah_Myles,Unknown
Albert_Hammond,Unknown
Albert_West,pop
Alberti,Unknown
Alberto_Fortis,folk
Alexander_O_Neal,Unknown
Alexander_Peter,pop
Alexandra,latin
Alexia,Unknown
Alice,rock
Alice_Cooper,rock
Alice_in_Chains,rock
Alien_Ant_Farm,metal
Alison_Moyet,pop
Alive,Unknown
Alizee,pop
All-4-One,Unknown
All_Saints,Unknown
Allan_Sherman,comedy
Allan_Theo,Unknown
Allen_Toussaint,Unknown
Alliage,Unknown
Allure,lo-fi
Alma_Cogan,holiday
Alpenrebellen,pop
Alpentrio_Tirol,polka
Alpert,adult standards
Alphaville,pop
Alunni_del_Sole,world
Alvin_Stardust,rock
Amanda_McBroom,Unknown
Amber,electronic
Ambra,Unknown
Amedeo_Minghi,folk
America,pop
American_Made,rock
Amie_Comeaux,country
Amii_Stewart,disco
Amina,Unknown
"Amos,_Tori",folk
Amy_Grant,holiday
Ana_Belen,latin
Ana_Caram,latin
Anastacia,Unknown
Andre_Brasseur,polka
Andre_Hazes,pop
Andre_Moss,electronic
Andre_and_Adriano,world
Andre_van_Duin,pop
Andrea_Bocelli,classical
Andrew_Gold,Unknown
Andrew_Lloyd_Webber,musicals
Andy_Kim,Unknown
Andy_Williams,holiday
Angelo_Branduardi,folk
Anggun,pop
Animotion,pop
Anita_Baker,r&b
Anita_Meyer,pop
Anita_Ward,disco
Ann_Farina,Unknown
Ann_Peebles,r&b
Anna_Oxa,folk
Anne_Murray,Unknown
Annie_Cordy,world
Annie_Lennox,pop
Another_Level,Unknown
Anthony_Richard,world
Antoine,r&b
Antonello_Venditti,folk
Antonio_Carlos,latin
Anx,Unknown
Aphrodite_s_Child,Unknown
Apollo_100,Unknown
Aqua,pop
Arabesque,disco
Aretha_Franklin,r&b
Armani,Unknown
Army_of_Lovers,pop
Arrested_Development,Unknown
Art_of_Noise,pop
Articolo_31,Unknown
Asia,Unknown
Assekruus,Unknown
Assia,electronic
Astrud_Gilberto,latin
Aswad,reggae
Atkins_Chet,Unknown
Atlanta_Rhythm_Section,rock
Atlantic_Ocean,Unknown
Atlantic_Starr,r&b
Atomic_Kitten,Unknown
Attila,metal
Au_bonheur_des_dames,world
Average_White_Band,Unknown
Axelle_Red,world
B.B._King,Unknown
B.G._The_Prince_of_Rap,electronic
B.W._Stevenson,Unknown
"BAGINSKY,GABY",pop
BAP,Unknown
BBE,Unknown
BBMak,Unknown
BERRY_CHUCK,rock
BND,classical
BOWIE_DAVID,rock
"BRECK,FREDDY",pop
"BUTLER,_JONATHAN",jazz
BZN,classical
B_Witched,pop
Baby_D,children
Babyface,r&b
Babylon_Zoo,Unknown
Baccara,disco
Bach_Johann_Sebastian,classical
Bachman-Turner_Overdrive,rock
Backstreet_Boys,rock
Bad_Boys_Blue,disco
Bad_Company,rock
Bad_English,rock
Bad_Manners,reggae
Baglioni_Claudio,folk
Baltimora,disco
Bananarama,disco
Band,banda
Band_Aid,holiday
Banda_Blanca,latin
Barber_Samuel,classical
Barbra_Streisand,adult standards
Barclay_James_Harvest,rock
Barenaked_Ladies,Unknown
Barlow_Gary,Unknown
Barry_John,Unknown
Barry_Manilow,adult standards
Barry_Mann,pop
Barry_White,disco
Barry_and_Eileen,pop
Bart_Herman,pop
Basia,jazz
Basie,jazz
Battiato,folk
Battisti,folk
Battisti_Lucio,folk
Bauer,Unknown
Baxter,Unknown
Bay_City_Rollers,rock
Beastie_Boys,rock
Beck,reggae
Bee_Gees,disco
Bela_Bartok,classical
Belafonte_Harry,world
Belinda_Carlisle,Unknown
Bell,Unknown
Bellamy_Brothers,Unknown
Beloved,Unknown
Ben_Cramer,pop
Ben_E._King,r&b
Ben_Folds_Five,Unknown
Benjamin_Arthur,Unknown
Bennett,jazz
Beres_Hammond,rock
Berger_Michel,world
Berlin,classical
Berlin_Irving,Unknown
Bernd_Cluver,pop
Bernhard_Brink,pop
Bernstein_Leonard,classical
Bert_Heerink,pop
Berte,Unknown
Bertie_Higgins,rock
Bette_Midler,Unknown
Biagio_Antonacci,folk
Big_Bad_Voodoo_Daddy,jazz
Big_Mountain,reggae
Big_Mr.,metal
Bilk,Unknown
Bill_Haley,rock
Bill_Haley_and_His_Comets,rock
Bill_Medley,Unknown
Bill_Withers,r&b
Billie_Jo_Spears,country
Billie_Myers,Unknown
Billy_Crash_Craddock,country
Billy_Fury,rock
Billy_Idol,Unknown
Billy_Joel,rock
Billy_Mayerl,jazz
Billy_Ocean,reggae
Billy_Paul,r&b
Billy_Preston,Unknown
Billy_Ray_Cyrus,country
Billy_Swan,Unknown
Bino,latin
Birkin,pop
Bizet_Georges,classical
Bjork,pop
Black,Unknown
Black_Box,pop
Black_Fooss,Unknown
Black_Rob,Unknown
Black_Rose,electronic
Black_Sabbath,metal
Blackstreet,r&b
Blaque,Unknown
Blattschuss,rock
Blind_Guardian,metal
Blind_Melon,rock
Blondie,rock
"Blood,_Sweat_and_Tears",Unknown
Bloodhound_Gang,Unknown
Blue_Oyster_Cult,rock
Blue_System,disco
Blues_Image,Unknown
Blues_Traveler,Unknown
Blumchen,children
Blur,rock
Bob_Carlisle,gospel
Bob_Dylan,rock
Bob_James,jazz
Bob_Marley,reggae
Bob_Seger,rock
Bob_Welch,rock
Bobby_Bare,country
Bobby_Bloom,Unknown
Bobby_Boris_Pickett,Unknown
Bobby_Brown,r&b
Bobby_Darin,jazz
Bobby_Goldsboro,Unknown
Bobby_McFerrin,Unknown
Bobby_Prins,pop
Bobby_Rydell,pop
Bobby_Vee,pop
Bobby_Vinton,pop
Bolero,bolero
Bombalurina,Unknown
Bomfunk_MC_s,Unknown
Bommbastic,Unknown
Bon_Jovi,metal
Bone,Unknown
Boney_James,jazz
Boney_M.,disco
Bonnie_Raitt,r&b
Bonnie_Tyler,Unknown
Bonzo_Dog_Doo_Dah_Band,Unknown
Booker_T._and_The_MG_s,Unknown
Booming_Support,electronic
"Boothe,_Ken",rock
Borg_Andy,pop
Boris_Gardiner,rock
Borodin,classical
Boston,Unknown
Boxcar,folk
Boy_George,Unknown
Boys_Town_Gang,disco
Boyz_II_Men,r&b
Boyzone,Unknown
Boz_Scaggs,rock
Brandy,r&b
Brassens_Georges,world
Bread,rock
Breathe,Unknown
Brenton_Wood,Unknown
Brewer_And_Shipley,Unknown
Brian_Hyland,Unknown
Brian_May,rock
Brian_McKnight,r&b
Brian_Wilson,jazz
Britney_Spears,pop
Broadway,musicals
Bronski_Beat,pop
Brooks_Garth,country
Brooks_and_Dunn,country
Bros,reggae
Brotherhood_of_Man,Unknown
Brown_Clarence_Gatemouth,r&b
Brown_James,r&b
Brownsville_Station,Unknown
Bruce_Channel,Unknown
Bruce_Hornsby,Unknown
Bruce_Hornsby_and_The_Range,Unknown
Bruce_Springsteen,Unknown
Brunner_and_Brunner,pop
Bruno,Unknown
Bryan_Adams,pop
Bryson,r&b
Buck_Owens,country
Buddy_Holly,rock
Buena_Vista_Social_Club,son cubano
Buffalo_Springfield,rock
Buggles,Unknown
Bumble_B,lo-fi
Burt_Bacharach,adult standards
Burton_Lane,musicals
Bush,pop
Busta_Rhymes,hip-hop
Buzz_Clifford,pop
Byrd_Charlie,latin
Byron_Berline,folk
C+C_Music_Factory,Unknown
C.J._Lewis,reggae
CB_Milton,electronic
"CHRISTIE,TONY",Unknown
"CORDALIS,COSTA",pop
Cabrel_Francis,world
Cake,rock
Calimeros,pop
Calloway,Unknown
Calvert,classical
Camaleonti,folk
Camel,electronic
Cameo,r&b
Candi_Staton,Unknown
Canned_Heat,rock
Cannibal_and_The_Headhunters,rock
Capella,classical
Captain_Hollywood_Project,electronic
Captain_Jack,electronic
Carboni,folk
Carey,holiday
Carl_Douglas,Unknown
Carl_Perkins,rock
Carl_Teike,Unknown
Carly_Simon,Unknown
Carmen,Unknown
Carmen_Eric,Unknown
Carmina_Burana,Unknown
Carnes_Kim,Unknown
Carole_King,folk
Carpenter,Unknown
Carpenters,holiday
Carra,Unknown
Cascades,pop
Cash_Johnny,country
Caterina_Caselli,folk
Cathy_Dennis,Unknown
Cats,Unknown
Caught_in_the_Act,Unknown
Celentano,disco
Celine_Dion,world
Centory,electronic
Cesar_Franck,classical
Chaka_Demus,reggae
Chaka_Khan,r&b
Champaign,r&b
Champs,pop
Charlebois_Robert,world
Charles-Valentin_Alkan,classical
Charles_Aznavour,world
Charles_and_Eddie,Unknown
Charlie_Makes_The_Cook,Unknown
Charlie_Rich,country
Chastain,Unknown
Cheap_Trick,pop
Checker_Chubby,rock
Cheer,Unknown
Cher,pop
Cherry_Poppin_Daddies,jazz
Cheryl_Ladd,rock
Cheryl_Lynn,disco
Chesney_Hawkes,Unknown
Chic,electronic
Chicago,rock
Chick_Corea,jazz
Chip_Davis,Unknown
Chip_Taylor,folk
Chocolate,Unknown
Chopin_Frederic,classical
Chris_Andrews,pop
Chris_Barber_s_Jazz_Band,Unknown
Chris_Isaak,Unknown
Chris_Montez,Unknown
Chris_Norman,Unknown
Chris_Rea,holiday
Chris_Roberts,pop
Chris_de_Burgh,rock
Christie,classical
Christie_Lou,pop
Christina_Aguilera,pop
Christoph_Willibald_Gluck,classical
Christopher_Cross,rock
Chuck_Berry,rock
Chuck_Mangione,jazz
Chumbawamba,Unknown
Chyp-notic,Unknown
Cilla_Black,Unknown
Cindy_and_Bert,pop
Clarence_Frogman_Henry,pop
Classics,Unknown
Classics_IV,Unknown
Claude-Michel_Schonberg,world
Claude_Bolling,jazz
Claude_Debussy,classical
Claude_Francois,world
Claudia_Schmidt,folk
Clayderman_Richard,adult standards
Clementi,Unknown
Clerc_Julien,world
Cliff_Richard,holiday
Climax,Unknown
Clouseau,pop
Clout,Unknown
Club_Nouveau,r&b
Coasters,pop
Cocciante,folk
Cock_Robin,Unknown
Cocker,Unknown
Cole_Porter,jazz
Collective_Soul,rock
Collins_Phil,rock
Color_Me_Badd,r&b
Commander_Cody,rock
Commodores,jazz
Communards,disco
Confederate_Railroad,rock
Connie_Francis,pop
Conquistador,latin
Conway_Twitty,country
Coolio,hip-hop
Corduroy,rock
Corey_Hart,pop
Cornelius_Brothers,jazz
Corona,banda
Corry_Konings,pop
Cosmix,Unknown
Counting_Crows,Unknown
Crash_Test_Dummies,Unknown
Cream,rock
Creation,rock
Creed,rock
Creedence_Clearwater_Revival,rock
Crests,pop
Crickets,rock
Croce_Jim,rock
"Crosby,_Stills,_Nash_and_Young",rock
Crosby_Bing,holiday
Crow_Sheryl,country
Crowd,gospel
Crowded_House,Unknown
Crusaders,jazz
Crystal_Gayle,Unknown
Crystal_Waters,Unknown
Crystals,pop
Culture_Beat,electronic
Culture_Club,Unknown
Curtis_Lee,pop
Curtis_Mayfield,r&b
Curtis_Stigers,country
Cut_n_Move,electronic
Cutting_Crew,Unknown
Cyndi_Lauper,pop
DJ_BoBo,electronic
DJ_Jazzy_Jeff,Unknown
DJ_Paul_Elstak,Unknown
DJ_Quicksilver,electronic
DMX,hip-hop
"DULFER,_CANDY",jazz
D_Ream,Unknown
DaWN,electronic
Daft_Punk,electronic
Dalla,hip-hop
Dalla_Lucio,folk
Dallara,disco
Dan_Fogelberg,rock
Dan_Hartman,disco
Dan_Hill,Unknown
Dance_2_Trance,Unknown
Daniel,Unknown
Daniel_Boone,Unknown
Daniele,folk
Danilo_Amerio,Unknown
Dannii_Minogue,Unknown
Danny_and_The_Juniors,pop
Danyel_Gerard,pop
Darin_Bobby,jazz
Darts,rock
Darude,electronic
Dave_Baby_Cortez,Unknown
Dave_Brubeck,jazz
Dave_Grusin,jazz
Dave_Mason,Unknown
Dave_Matthews_Band,Unknown
David_A._Stewart,Unknown
David_Bowie,rock
David_Byrne,rock
David_Dundas,Unknown
David_Essex,rock
David_Gates,Unknown
David_Lee_Roth,metal
Davis_John,folk
Davis_Miles,jazz
De_Deurzakkers,Unknown
De_Dijk,pop
De_Electronica_s,Unknown
De_Havenzangers,pop
De_Migra_s,Unknown
De_Nachroave,Unknown
Deacon_Blue,Unknown
Dead_Or_Alive,disco
Debbie_Gibson,Unknown
Debby_Boone,Unknown
Dee,Unknown
Deep_Blue_Something,Unknown
Deep_Purple,rock
Def_Leppard,metal
Deftones,metal
Del_Shannon,pop
Delfonics_the,r&b
Delibes_Leo,classical
Demis_Roussos,pop
Deniece_Williams,Unknown
Dennie_Christian,pop
Depeche_Mode,rock
Derby,hip-hop
Derek_and_the_Dominos,rock
Des_ree,Unknown
Desireless,Unknown
Desmond_Dekker,rock
Destiny_s_Child,r&b
Detroit_Emeralds,r&b
Devo,rock
Dexys_Midnight_Runners,Unknown
Diamond_Jim,Unknown
Diana_King,Unknown
Diana_Ross,jazz
Dick_Hyman,jazz
Die_Arzte,rock
Die_Doofen,rock
Die_Fantastischen_Vier,pop
Dietrich_Marlene,Unknown
Digno_Garcia,Unknown
Dik_Dik,children
Dina_Carroll,Unknown
Dingetje,pop
Dion,hip-hop
Dionne_Warwick,Unknown
Dire_Straits,rock
Dirotta_su_Cuba,Unknown
Divinyls,Unknown
Dixie_Chicks,Unknown
Dizzy_Man_s_Band,Unknown
Dobie_Gray,r&b
Doe_Maar,pop
Dolls_United,Unknown
Domino_Fats,rock
Don_Backy,folk
Don_Henley,Unknown
Don_Johnson,Unknown
Don_McLean,Unknown
Donna_Hightower,Unknown
Donna_Summer,disco
Donny_Osmond,Unknown
Donovan,rock
Doris_Day,adult standards
Dorsey,jazz
Double,latin
Double_Vision,electronic
Double_You,electronic
Dr._Alban,electronic
Dr._Dre,hip-hop
Dr._Hook,Unknown
Dr._John,Unknown
Drafi_Deutscher,pop
Dream_Theater,metal
Drifters,pop
Droids,Unknown
Drukwerk,pop
Drupi,disco
Duke,electronic
Duke_Ellington,jazz
Duke_Robillard,r&b
Dune,rock
Duran_Duran,rock
Dusty_Springfield,Unknown
Duval,Unknown
Dvorak,classical
E-Rotic,electronic
E-Type,electronic
E.Z.K,latin
EMF,Unknown
EXILE,pop
Eagle-Eye_Cherry,Unknown
Eagles,rock
"Earth,_Wind_and_Fire",disco
East_17,holiday
East_Side_Beat,electronic
Echo_and_The_Bunnymen,rock
Ed_Townsend,pop
Eddie_Cochran,rock
Eddie_Floyd,r&b
Eddie_Holman,r&b
Eddie_Kendricks,jazz
Eddie_Money,rock
Eddy_Arnold,country
Eddy_Duane,rock
Eddy_Grant,Unknown
Edgar_Winter,rock
Edison_Lighthouse,Unknown
Edsels,pop
Edvard_Grieg,classical
Edward_Kleban,musicals
Edwyn_Collins,pop
Eels,Unknown
Eiffel_65,electronic
Ekseption,pop
El_DeBarge,r&b
Electric_Light_Orchestra,rock
Elkie_Brooks,Unknown
Ellington,jazz
Elliot,hip-hop
Elsa,Unknown
Elton_John,Unknown
Elvin_Bishop,rock
Elvis,rock
Elvis_Costello,pop
Elvis_Presley,rock
"Emerson,_Lake_and_Palmer",rock
Eminem,hip-hop
Emmanuel_Chabrier,Unknown
En_Vogue,r&b
Energy_52,electronic
England_Dan,rock
Enigma,latin
Enrique_Iglesias,pop
Enya,new age
Equals,lounge
Equipe_84,folk
Erasure,pop
Eric_Carmen,Unknown
Eric_Clapton,r&b
Eric_Johnson,Unknown
Ernie_K-Doe,pop
Ernst_Neger,pop
Eros_Ramazzotti,disco
Erroll_Garner,jazz
Estefan_Gloria,Unknown
Esther_Phillips,r&b
Eubie_Blake,jazz
Europe,hip-hop
Eurythmics,rock
Evans_Bill,jazz
Eve_6,rock
Everclear,rock
Everlast,Unknown
Extreme,metal
FAURE_Gabriel,classical
FIXX,Unknown
Fabi,pop
Fairground_Attraction,Unknown
Fairport_Convention,rock
Faith,country
Faith_Evans,r&b
Faith_No_More,rock
Faithless,electronic
Falco,video game
Falla,Unknown
Fancy,electronic
Far_Corporation,Unknown
Fastball,Unknown
Fat_Boys,hip-hop
Fat_Larry_s_Band,Unknown
Fatboy_Slim,electronic
Fats_Domino,rock
Fay_Lovsky,jazz
Feargal_Sharkey,Unknown
Fifth_Dimension,Unknown
Filter,rock
Fine_Young_Cannibals,Unknown
Fiona_Apple,pop
Fiorella_Mannoia,folk
Fiorello,Unknown
Firefall,rock
Firehouse,metal
First_Class,Unknown
Fitzgerald_Ella,jazz
Five_Man_Electrical_Band,Unknown
Flair,Unknown
Flamingos,pop
Fleetwood_Mac,rock
Floyd_Cramer,Unknown
Fluid,Unknown
Fluitsma,pop
Focus,Unknown
Fontana,Unknown
Fontella_Bass,jazz
Foo_Fighters,rock
Fool_s_Garden,Unknown
Foreigner,rock
Forrest,hip-hop
Fortunes,Unknown
Fossati_Ivano,folk
Foster_David,holiday
Foundations,Unknown
Foundations_The,Unknown
Four_Tops,jazz
Fourplay,jazz
Francesco_De_Gregori,folk
Francis_Connie,pop
Francois_Couperin,classical
Frank_Galan,pop
Frank_Mills,Unknown
Frank_Sinatra,rock
Frank_and_Mirella,polka
Frankie_Avalon,pop
Frankie_Goes_to_Hollywood,pop
Frankie_Valli,Unknown
Franky_Boy,pop
Frans_Bauer,pop
Freak_Power,jazz
Freakwater,country
Freda_Payne,r&b
Freddie_Jackson,r&b
Freddie_Mercury,Unknown
Freddie_and_The_Dreamers,Unknown
Freddy_Cannon,pop
Freddy_Martin,jazz
Free,latin
Freek_de_Jonge,pop
Friend_and_Lover,Unknown
Fugees,hip-hop
Fun_Factory,electronic
G._G._Anderson,Unknown
Gabber_Piet,Unknown
Gala,Unknown
Gallery,Unknown
Garbage,Unknown
Garland,holiday
Garth_Brooks,country
Gary_Burton,jazz
Gary_Fane,pop
Gary_Glitter,rock
Gary_Lewis,Unknown
Gary_Moore,r&b
Gary_Puckett,Unknown
Gary_Wright,rock
Gaskin_Street,Unknown
Gatto_Panceri,folk
"Gaye,Marvin",jazz
Gebroeders_Grimm,Unknown
Gene_Chandler,pop
Gene_Pitney,Unknown
Gene_Vincent,rock
Genesis,rock
George_Baker_Selection,pop
George_Benson,jazz
George_Frideric_Handel,classical
George_Harrison,Unknown
George_M._Cohan,jazz
George_McCrae,disco
George_Michael,rock
George_Thorogood,rock
Georgie_Fame,Unknown
Gerard_Cox,pop
Gerard_Joling,pop
Geri_Halliwell,Unknown
Gerry_Mulligan_Quartet,jazz
Gerry_Rafferty,Unknown
Gerry_and_The_Pacemakers,Unknown
Gershwin,jazz
Gianni_Bella,Unknown
Gibson_Brothers,disco
Gilbert_Becaud,world
Gilbert_O_Sullivan,classical
Gilbert_and_Sullivan,classical
Gillespie_Dizzy,jazz
Gin_Blossoms,Unknown
Gina_G,children
Gino_Paoli,folk
Gino_Vannelli,rock
Giorgia,folk
Giorgio_Moroder,disco
Gipsy_Kings,world
Gladys_Knight,jazz
Glen_Campbell,Unknown
Glenn_Frey,Unknown
Glenn_Medeiros,Unknown
Glenn_Miller,jazz
Gloria_Estefan,Unknown
Gloria_Gaynor,disco
Glover,Unknown
Go_West,Unknown
Goblin,latin
Godsmack,metal
Godspell,musicals
Golden_Earring,pop
Gompie,pop
Goo_Goo_Dolls,rock
Good_Shape,Unknown
Gordon,hip-hop
Gordon_Lightfoot,rock
Gounod_Charles,classical
Grace_Jones,pop
Granados_Enrique,Unknown
Grand_Funk_Railroad,rock
Grandi,Unknown
Grant_and_Forsyth,rock
Grateful_Dead,rock
Graziani,folk
Grease,musicals
Great_White,metal
Green_Day,rock
Greenbaum_Norman,rock
Greg_Kihn,Unknown
Greger,jazz
Gregori,chant
Groove_Theory,r&b
Gruppo_Sportivo,pop
Guesch_Patti,Unknown
Guess_Who,rock
Guns_N_Roses,rock
Guys_n_Dolls,musicals
Gwen_McCrae,disco
HORNER_JAMES,soundtrack
Haak,Unknown
Haddaway,electronic
Haggard._Merle,country
Hakkuhbar,electronic
Haley,Unknown
Hall_and_Oates,rock
Hank_Jones,jazz
Hank_Williams,country
Hans_Albers,pop
Hans_Dulfer,pop
Hanson,Unknown
Harold_Faltermeyer,pop
Harold_Melvin,r&b
Harpo,r&b
Harry_Chapin,folk
Harry_Nilsson,pop
Harvey_Danger,Unknown
Hasselhoff_David,electronic
Hawkins_Erskine,jazz
Haydn,classical
Heart,rock
Heatwave,disco
Heidi_Bruhl,pop
Helen_Reddy,Unknown
Henry_Arland,classical
Henry_Butler,Unknown
Henry_Mancini,exotica
Herb_Alpert,adult standards
Herbie_Hancock,jazz
Herbie_Mann,jazz
Herman,latin
Herman_s_Hermits,Unknown
Het_Goede_Doel,pop
Heywood,jazz
Hines_Earl,jazz
Hohner,pop
Hole,Unknown
Holiday_Billie,jazz
Hollenboer,pop
Holly_Buddy,rock
"Holm,_Michael",pop
Home_Grown,lo-fi
Honey_Cone,r&b
Hooker_John_Lee,r&b
Hootie_and_the_Blowfish,Unknown
Hot_Butter,folk
Hot_Chocolate,Unknown
Houston_Thelma,jazz
Howard_Carpendale,pop
Howard_Jones,rock
Hue_and_Cry,Unknown
Hues_Corporation,disco
Huey_Lewis,Unknown
Huey_Lewis_and_The_News,Unknown
Hughie_Cannon,Unknown
Hugues_Aufray,world
Humperdinck_Engelbert,Unknown
Huub_Hangop,Unknown
IDOL_BILLY,Unknown
INXS,Unknown
Ice_Cube,hip-hop
Ice_MC,electronic
Ike_and_Tina_Turner,jazz
Images,rock
Imagination,disco
Imca_Marina,pop
Imperial_Teen,Unknown
Incognito,jazz
Information_Society,r&b
Ingram_James,Unknown
Inner_Circle,reggae
Inner_City,electronic
Interactive,Unknown
Intermission,Unknown
Irene_Cara,Unknown
Iron_Butterfly,rock
Iron_Maiden,metal
Isaac_Hayes,r&b
Isabelle_Adjani,world
It_s_a_Beautiful_Day,Unknown
Izabella,pop
J.J._Cale,r&b
J.J._Jackson,Unknown
Jack_Jones,adult standards
Jackie_DeShannon,Unknown
Jackie_McLean,jazz
Jackie_Wilson,r&b
Jackson_5,jazz
Jackson_Browne,rock
Jackson_Michael,Unknown
Jaco_Pastorius,jazz
Jaggerz,Unknown
Jam_and_Spoon,electronic
Jamaaladeen_Tacuma,world
James,pop
James_Brown,r&b
James_Colin,r&b
James_Last,classical
James_Taylor,rock
Jamiroquai,jazz
Jan_Hammer,jazz
Jan_and_Dean,rock
Jane_Child,r&b
Jane_s_Addiction,Unknown
Janet_Jackson,r&b
Janis_Ian,folk
Janis_Joplin,rock
Jann_Arden,Unknown
Jantje_Koopmans,polka
Jars_of_Clay,gospel
Jason_Donovan,musicals
Jay_and_The_Americans,pop
Jean_Knight,jazz
Jean_Michel_Jarre,new age
Jeannie_C._Riley,Unknown
Jeff,hip-hop
Jeff_Beck,jazz
Jefferson_Airplane,rock
Jefferson_Starship,rock
Jeffrey_Osborne,r&b
Jeffrey_Reid_Baker,jazz
Jennifer_Lopez,latin
Jennifer_Rush,Unknown
Jennifer_Warnes,Unknown
Jeremy_Jackson,Unknown
Jerome_Kern,Unknown
Jerry_Herman,musicals
Jerry_Lee_Lewis,rock
Jerry_Mungo,Unknown
Jessica_Simpson,Unknown
Jesus_Jones,rock
Jethro_Tull,rock
Jets,Unknown
Jett,rock
Jewel,r&b
Jigsaw,Unknown
Jim_Croce,rock
Jimi_Hendrix,rock
Jimmy_Barnes,Unknown
Jimmy_Buffett,Unknown
Jimmy_Cliff,reggae
Jimmy_Gilmer,Unknown
Jimmy_James,Unknown
Jimmy_McGriff,jazz
Jimmy_Nail,Unknown
Jimmy_Reed,r&b
Jimmy_Ruffin,jazz
Jimmy_Somerville,disco
Jive_Bunny,Unknown
Joan_Jett,rock
Joan_Osborne,Unknown
Jobim_Antonio_Carlos,latin
Jodeci,r&b
Jody_Reynolds,rock
Jody_Watley,r&b
Joe,Unknown
Joe_Cocker,Unknown
Joe_Dassin,world
Joe_Diffie,country
Joe_Dolce,Unknown
Joe_Jackson,rock
Joe_Satriani,Unknown
Joe_South,Unknown
Joe_Walsh,rock
Joey_Dee,pop
Joey_Ramone,Unknown
Johann_Nepomuk_Hummel,classical
Johannes_Brahms,classical
John_Denver,folk
John_Elton,rock
John_Farnham,Unknown
John_Field,classical
John_Fogerty,rock
John_Fred,Unknown
John_Lee_Hooker,r&b
John_Lennon,rock
John_Mellencamp,rock
John_Paul_Young,Unknown
John_Robert,r&b
John_Scofield,jazz
John_Waite,rock
Johnny_Bristol,r&b
Johnny_Cash,country
Johnny_Gill,r&b
Johnny_Hates_Jazz,rock
Johnny_Hoes,pop
Johnny_Horton,rock
Johnny_Kemp,r&b
Johnny_Logan,Unknown
Johnny_Mathis,holiday
Johnny_Mercer,jazz
Johnny_Nash,Unknown
Johnny_Rivers,Unknown
Johnny_Shines,r&b
Johnny_and_The_Hurricanes,rock
Johnson,country
Johnson_James_P,jazz
Jolson._Al,jazz
Jon_Cleary,Unknown
Jon_Secada,Unknown
Jones,Unknown
Jones_Grace,pop
Joni_Mitchell,folk
Jordy,Unknown
Jose_Feliciano,holiday
Joseph_Kosma,Unknown
Joseph_Lamb,jazz
Joshua_Kadison,Unknown
Journey,rock
Jovanotti,folk
Juan_Luis_Guerra,latin
Judas_Priest,metal
Judy_Collins,folk
Jule_Styne,musicals
Julian_Lennon,Unknown
Julie_Andrews,musicals
Julie_Covington,Unknown
Julio_Iglesias,bolero
Junior_Walker,country
Jurgen_Drews,pop
Just_Friends,rock
K-Ci_and_JoJo,r&b
K2,Unknown
K7,Unknown
KC_and_The_Sunshine_Band,disco
"KING,RICKY",rock
KWS,Unknown
Kadoc,electronic
Kaempfert,classical
Kalua_Beach_Boys,exotica
Kamoze_Ini,reggae
Kansas,rock
Kaoma,Unknown
Karas_Anton,Unknown
Kate_Bush,pop
Katrina_and_the_Waves,Unknown
Keith,country
Kelly_R,r&b
Kenny_Baker,folk
Kenny_Dorham,jazz
Kenny_G,jazz
Kenny_Loggins,Unknown
Kenny_Thomas,r&b
Kevin_Paige,Unknown
Kid_Rock,Unknown
Kiki_Dee,Unknown
Kim_Appleby,Unknown
Kim_Carnes,Unknown
Kim_Wilde,Unknown
King_Ben_E,Unknown
King_Crimson,rock
King_Diana,Unknown
King_Harvest,Unknown
Kingsmen,rock
Kiss,classical
Klaus_and_Klaus,pop
Klein_Orkest,pop
Knight,jazz
Kool_and_The_Gang,disco
Koos_Alberts,pop
Korgis,Unknown
Korn,Unknown
Kraftwerk,rock
Kramer,country
Kris_Kristofferson,country
Kristina_Bach,pop
Kylie_Minogue,pop
LANZA,Unknown
LEN,classical
LFO,Unknown
LIGABUE,folk
LL_Cool_J,hip-hop
LaBelle,r&b
LaSalle,jazz
LaTour,pop
La_Bionda,disco
La_Bouche,electronic
Laid_Back,Unknown
Laine_Cleo,jazz
Last,Unknown
Laura_Branigan,Unknown
Laura_Pausini,pop
Lavinia_Jones,Unknown
LeAnn_Rimes,Unknown
Le_Grand_Orchestre_du_Splendid,world
Leali,folk
Led_Zeppelin,rock
Lee_Ritenour,jazz
Leif_Garrett,disco
Lena_Horne,jazz
Lennon_John,rock
Lenny_Kravitz,rock
Leo_Friedman,classical
Leo_Sayer,rock
Leon_Russell,Unknown
Leonard_Bernstein,classical
Les_Humphries_Singers,pop
Lesley_Gore,Unknown
Level_42,pop
Lewis,pop
Lewis_George,jazz
Lewis_Meade_lux_,jazz
Lewis_Ramsey,jazz
Liesbeth_List,pop
LightHouse,Unknown
Limahl,pop
Limp_Bizkit,metal
"Linda,_Roos_and_Jessica",pop
Linda_Ronstadt,rock
Lindsey_Buckingham,Unknown
Linkin_Park,metal
Lionel_Richie,jazz
"Lipps,_Inc.",disco
Lisa_Lisa,pop
Lisa_Loeb,folk
Lisa_Stansfield,Unknown
Lit,world
Little_Eva,pop
Little_Richard,rock
Little_River_Band,rock
Little_Texas,country
Little_Tony,folk
Live,pop
Lloyd_James,jazz
Lobo,Unknown
Local_H,rock
Loesser,musicals
Loft,reggae
Loggins_and_Messina,Unknown
Lois_Lane,pop
Londonbeat,electronic
Looking_Glass,Unknown
Los_Bravos,norteño
Los_Del_Rio,norteño-sax
Los_Lobos,rock
Lou_Bega,Unknown
Lou_Rawls,r&b
Lou_Reed,rock
Louis_Armstrong,jazz
Louis_Moreau_Gottschalk,Unknown
Louis_Prima,jazz
Love_Affair,Unknown
Love_Sculpture,rock
Love_Unlimited_Orchestra,r&b
Loverboy,Unknown
Lucifer,Unknown
Ludwig_van_Beethoven,classical
Lulu,Unknown
Lunapop,folk
Luniz,hip-hop
Luther_Ingram,Unknown
Luther_Vandross,r&b
Lutricia_McNeal,Unknown
Lynn_Anderson,Unknown
Lynyrd_Skynyrd,rock
M,hip-hop
M2M,latin
MAMAS_and_Papas,rock
MC_Hammer,hip-hop
MFSB,r&b
MN8,r&b
M_People,Unknown
Mac_Davis,Unknown
Macy_Gray,Unknown
Madness,reggae
Madonna,Unknown
Magic_Affair,electronic
Mahalia_Jackson,gospel
Major_Harris,r&b
Malmsteen_Yngwie,classical
Mamas,rock
Mandy_Moore,Unknown
Manfred_Mann,rock
Mango,Unknown
Mann_Herbie,jazz
Marc_Almond,dark cabaret
Marc_Anthony,latin
Marc_Cohn,Unknown
Marco_Borsato,pop
Marcy_Playground,Unknown
Maria_McKee,Unknown
Maria_Muldaur,r&b
Mariah_Carey,pop
Marianne_Faithfull,Unknown
Marianne_and_Michael,polka
Marillion,rock
Marilyn_Manson,metal
Marilyn_Monroe,Unknown
Mark_Collie,country
Mark_Morrison,Unknown
Mark_Oh,electronic
Mark_Snow,Unknown
Marky_Mark,electronic
Marky_Ramone,Unknown
Marley_Bob,reggae
Martha_Reeves,jazz
Martika,folk
Martin_Dean,holiday
Martin_Ricky,pop
Marusha,electronic
Marvin_Gaye,jazz
Marvin_Hamlisch,jazz
Marx_Richard,rock
Mary_Hopkins,children
Mary_J._Blige,r&b
Mary_Wells,jazz
Masini,folk
Mason_Williams,Unknown
Masquerade,metal
Massada,world
Master_P,hip-hop
Masterboy,electronic
Mathis,holiday
Matia_Bazar,disco
Matt_Bianco,jazz
Matthew_Wilder,Unknown
Maxi_Priest,rock
Maxime_Le_Forestier,world
Maxx,Unknown
McCartney,rock
McCoys,Unknown
McDonald,jazz
McFadden_and_Whitehead,r&b
Meat_Loaf,Unknown
Meat_Puppets,rock
Mecano,rock
Meco,Unknown
Megadeth,metal
Mel_C,jazz
Mel_Carter,pop
Melanie,Unknown
Melina_Mercouri,world
Melissa_Etheridge,Unknown
Melissa_Manchester,Unknown
Men_Without_Hats,pop
Men_at_Work,Unknown
Meredith_Brooks,Unknown
Merle_Travis,folk
Metallica,metal
Mezzoforte,jazz
Miami_Sound_Machine,Unknown
Mica_Paris,r&b
Michael_Ball,musicals
Michael_Bolton,rock
Michael_Damian,Unknown
Michael_English,gospel
Michael_George,rock
Michael_Jackson,pop
Michael_Johnson,rock
Michael_Learns_to_Rock,Unknown
Michael_McDonald,jazz
Michael_Penn,pop
Michael_Sembello,Unknown
Michael_Stanley_Band,rock
Michael_Walthius,Unknown
Michael_Zager,disco
Michel_Delpech,world
Michele_Zarrillo,folk
Mickey_and_Sylvia,pop
Middle_of_the_Road,rock
Midnight_Oil,rock
Mike_+_The_Mechanics,rock
Mike_Oldfield,rock
Mike_Reno,Unknown
Miles_John,Unknown
Miller,Unknown
Milli_Vanilli,Unknown
Mily_Balakirev,Unknown
Mina,hip-hop
Mink_DeVille,Unknown
Missy_Elliott,hip-hop
Mitch_Ryder,r&b
Mixed_Emotions,pop
Mo-Do,rock
Moby,electronic
Mocedades,latin
Modern_Jazz_Quartet,jazz
Modern_Talking,disco
Moist,Unknown
Monica,r&b
Monty_Python,comedy
Morandi,folk
Morricone_Ennio,soundtrack
Morris_Albert,Unknown
Morton_Jelly_Roll,jazz
Mosch,Unknown
Motels,rock
Motley_Crue,metal
Mott_The_Hoople,rock
Mouskouri_Nana,pop
Mr._Mister,Unknown
Mr._President,electronic
Mud,rock
Mungo_Jerry,Unknown
Murray_Head,Unknown
Mylene_Farmer,world
N-Trance,electronic
NOFX,Unknown
Nada_Surf,pop
Nakatomi,electronic
Naked_Eyes,rock
Nancy_Sinatra,Unknown
Nas,hip-hop
Nashville_Teens,rock
Nat_King_Cole,holiday
Natalie_Cole,r&b
Natalie_Imbruglia,Unknown
Natalie_Merchant,folk
Nazareth,rock
Neil_Diamond,pop
Neil_Sedaka,pop
Neil_Young,rock
Nek,classical
Nelly,hip-hop
Nelson_Oliver,disco
Nena,rock
New_Age,Unknown
New_Kids_on_the_Block,Unknown
New_Order,rock
New_Radicals,Unknown
New_Vaudeville_Band,Unknown
Niamh_Kavanagh,Unknown
Nick_Berry,Unknown
Nick_Gilder,rock
Nick_Kamen,Unknown
Nick_MacKenzie,Unknown
Nicki_French,electronic
Nico_Landers,pop
Night_Ranger,metal
Nightcrawlers,Unknown
Nik_Kershaw,Unknown
Nina_Simone,jazz
Nine_Days,Unknown
Nine_Inch_Nails,rock
Nini_Rosso,exotica
Nino_De_Angelo,pop
Nirvana,rock
No_Doubt,Unknown
No_Mercy,electronic
Nomadi,Unknown
Norman_Blake,folk
Norman_Connors,r&b
Norman_Greenbaum,rock
Nuovi_Angeli,disco
OMC,Unknown
OMD,Unknown
Oasis,pop
Oberkrainer,polka
Ocean,Unknown
Ocean_Billy,Unknown
Ocean_Colour_Scene,pop
Odyssey,disco
Ohio_Express,pop
Ohio_Players,r&b
Oingo_Boingo,rock
"Oldfield,_Mike",rock
Oleta_Adams,Unknown
Oliver,Unknown
Olivia_Newton-John,Unknown
Omar,Unknown
Opus,electronic
Orbital,Unknown
Orchestral_Manoeuvres_in_the_Dark,rock
Orgy,Unknown
Orleans,rock
Ornella_Vanoni,folk
Oscar_Peterson,jazz
Otis_Redding,r&b
Ottawan,disco
Our_Lady_Peace,rock
Outcasts,pop
Ozzy_Osbourne,metal
PRESTON_BILLY,Unknown
Pagliaro,Unknown
Palemiger_Spatzen,polka
Pantera,metal
Paola_Turci,folk
Paoli,folk
Papa_Roach,metal
Parker_Charlie,jazz
Parton_Dolly,country
Party_Animals,electronic
Pat_Benatar,rock
Pat_Boone,adult standards
Pat_Metheny,jazz
Pater_Moeskroen,pop
Pato_Banton,reggae
Patricia_Paay,pop
Patrick_Bruel,world
Patrick_Hernandez,disco
Patrick_Swayze,Unknown
Patsy_Cline,Unknown
Patti_Smith,rock
Paul_Anka,adult standards
Paul_Davis,rock
Paul_Desmond,jazz
Paul_Dukas,Unknown
Paul_Mauriat,classical
Paul_McCartney,rock
Paul_Revere_and_The_Raiders,rock
Paul_Simon,folk
Paul_Young,Unknown
Paul_de_Leeuw,pop
Paula_Abdul,Unknown
Paula_Cole,Unknown
Pausini_laura,pop
Peaches_and_Herb,disco
Pearl_Jam,rock
Peppino_di_Capri,world
Percy_Faith,classical
Percy_Grainger,Unknown
Percy_Sledge,jazz
Perplexer,electronic
Perry_Como,holiday
Pet_Shop_Boys,pop
"Peter,_Paul_and_Mary",folk
Peter_Allen,rock
Peter_Andre,folk
Peter_Cetera,rock
Peter_Cornelius,pop
Peter_Frampton,rock
Peter_Gabriel,rock
Peter_Kent,pop
Peter_Koelewijn_and_Zijn_Rockets,Unknown
Peter_Maffay,pop
Peter_Schilling,rock
Peter_Tosh,reggae
Peter_de_Koning,pop
Petty,rock
Petula_Clark,Unknown
Pharao,Unknown
Phil_Collins,rock
Phish,Unknown
Phyllis_Nelson,disco
Pink_Floyd,rock
Player,latin
Playmates,pop
Poco,latin
Pooh,hip-hop
Porter_Cole,jazz
Powell_Bud,jazz
Power_Tools,Unknown
Presidents_Of_The_United_States,rock
Price_Lloyd,pop
Primus,rock
Prince,rock
Prince_Ital_Joe,electronic
Procol_Harum,rock
Professor_Longhair,jazz
Propaganda,hip-hop
Pseudo_Echo,pop
Puckett,Unknown
Puff_Daddy,hip-hop
Quarterflash,Unknown
Quartz,rock
Quatro,rock
Queen,rock
Queensryche,metal
Quick_Pick,dansband
Quiet_Riot,metal
Quincy_Jones,jazz
R.E.M.,rock
R._Kelly,r&b
REDDING_OTIS,r&b
REO_Speedwagon,rock
RICHIE_LIONEL,jazz
RMB,Unknown
RODGERS_RICHARD,musicals
Radiohead,rock
Raf,Unknown
Raffaella_Carra,Unknown
Rage_Against_the_Machine,hip-hop
Rah_Band,Unknown
Rainbow,Unknown
Ram_Jam,rock
Ramazzotti,disco
Rammstein,metal
Randy_Crawford,Unknown
Randy_Newman,Unknown
Randy_VanWarmer,Unknown
Ranieri,world
Rare_Earth,jazz
Rascel,Unknown
Rastape,latin
Ratt,classical
Ray_Charles,jazz
Ray_Davies,Unknown
Ray_Parker_Jr.,Unknown
Raydio,disco
Rea,Unknown
Real_Life,rock
Real_McCoy,electronic
Real_Thing,Unknown
Red,Unknown
Red_5,Unknown
Red_Hot_Chili_Peppers,rock
Redbone,Unknown
Rednex,Unknown
Reel_2_Real,electronic
Reel_Big_Fish,reggae
Reeves,jazz
Reinhardt_Django,jazz
Rembrandts,Unknown
Renato_Teixeira,latin
Rene_Carol,pop
Rene_Froger,pop
Rene_Klijn,pop
Renee_Rosnes,jazz
Renee_de_Haan,pop
Renzo_Arbore,world
Restless_Heart,Unknown
Revere,folk
Riccardo_Cocciante,folk
Ricchi_e_Poveri,disco
"Rich_,_Buddy",jazz
Richard_Cliff,holiday
Richard_Harris,pop
Richard_Marx,rock
Richard_Sanderson,Unknown
Rick,rock
Rick_Astley,pop
Rick_Derringer,rock
Rick_James,r&b
Rick_Springfield,Unknown
Rickie_Lee_Jones,folk
Ricky_Martin,pop
Ricky_Nelson,rock
Righeira,disco
Right_Said_Fred,Unknown
Ringo_Starr,rock
Rionegro,latin
Rita_Coolidge,Unknown
Rob_Zombie,metal
Robbie_Williams,Unknown
Robert_Hampton,jazz
Robert_John,r&b
Robert_Knight,r&b
Robert_Leroy,pop
Robert_Miles,electronic
Robert_Palmer,Unknown
Roberta_Flack,adult standards
Roberts,Unknown
Robin_Beck,rock
Robin_Cock,Unknown
Robin_S,electronic
Robinson,electronic
Robyn,electronic
Rocco_Granata,disco
Rockwell,Unknown
Rocky_Horror,Unknown
Rod_Stewart,rock
Roger_Williams,classical
Rogers_Kenny,country
Romantics,pop
Romina_Power_Al_Bano,disco
Ron,Unknown
Ronan_Keating,Unknown
Ronnie_Spector,Unknown
Ronny_Jordan,jazz
Roots_Syndicate,Unknown
Rory_Block,country
Rose_Royce,r&b
Ross,hip-hop
Rossi_Vasco,folk
Roxette,Unknown
Roxy_Music,rock
Roy_Black,hip-hop
Roy_Clark,country
Roy_Orbison,rock
Rozalla,electronic
Ruby_and_The_Romantics,pop
Rudi_Carrell,pop
Rufus,Unknown
Rufus_Thomas,r&b
Ruggeri,folk
Rupert_Holmes,Unknown
Rush,rock
Ruth_Jacott,pop
Ry_Cooder,r&b
Ryan_Paris,disco
SAM,Unknown
SASH_,Unknown
Sabrina,Unknown
Sade,jazz
Saez,Unknown
Sailor,Unknown
Sailor_Moon,anime
Salt-N-Pepa,hip-hop
Salvatore_Adamo,world
Sam_Brown,Unknown
Sam_Cooke,jazz
Sam_The_Sham,Unknown
Sam_and_Dave,jazz
Sam_the_Sham_and_The_Pharaohs,Unknown
"Sammy_Davis,_Jr.",jazz
Sammy_Hagar,metal
Sammy_Nestico,jazz
Sandie_Shaw,Unknown
Sandro_and_Gustavo,latin
Sandy_Denny,rock
Santa_Esmeralda,Unknown
Santana,rock
Santo,latin
Sarah_McLachlan,Unknown
Sauter-Finegan_Orchestra,jazz
Savage_Garden,Unknown
Save_Ferris,reggae
Sawyer_Brown,country
Scatman,electronic
Scatman_John,electronic
"Schilling,_Peter",rock
Scooter,electronic
Scorpions,rock
Scott_James,musicals
Scott_Joplin,jazz
Scott_McKenzie,Unknown
Scritti_Politti,pop
Seal,Unknown
Seals_and_Crofts,rock
Searchers,Unknown
Sedaka_Neil,pop
Selena,pop
Semisonic,Unknown
Sergio,banda
Sergio_Franchi,Unknown
Sergio_Mendes,jazz
Shaggy,reggae
Shakatak,jazz
Shalom,Unknown
Shania_Twain,country
Shanice,r&b
Sharpe,folk
Shaun_Cassidy,Unknown
Shawn_Colvin,Unknown
Shawn_Mullins,Unknown
Shearing_George,jazz
Sheb_Wooley,Unknown
Sheena_Easton,Unknown
Shelley_Fabares,pop
Shep_and_The_Limelites,pop
Sheriff,metal
Sheryl_Crow,country
Shirley_Bassey,adult standards
Shocking_Blue,pop
Shola_Ama,electronic
Showaddywaddy,rock
Silver_Convention,disco
Silverchair,rock
Simon_Paul,folk
Simon_and_Garfunkel,rock
Simple_Minds,rock
Simply_Red,Unknown
Sinatra,holiday
Sinead_O_Connor,Unknown
Sisqo,Unknown
Sister_Hazel,Unknown
Sister_Sledge,disco
Sixpence_None_the_Richer,Unknown
Skee-Lo,Unknown
Skid_Row,metal
Skylark,Unknown
Slipstream,Unknown
Sly,Unknown
Sly_and_The_Family_Stone,r&b
Small_Faces,rock
Smash_Mouth,Unknown
Smokey_Robinson,jazz
Smokie,rock
Snap,folk
Sniff_n_the_Tears,Unknown
Snoop_Dogg,hip-hop
Soft_Cell,pop
Solo,Unknown
Sonia,Unknown
Sonic_Youth,rock
Sonny_and_Cher,Unknown
Sophie_B._Hawkins,Unknown
Sorrenti,disco
Soul_Asylum,rock
Soul_II_Soul,r&b
Soulful_Dynamics,Unknown
Soundgarden,rock
Spandau_Ballet,rock
Spanky_and_Our_Gang,pop
Sparks,Unknown
Special_EFX,jazz
Spice_Girls,Unknown
Spin_Doctors,Unknown
Spinners,r&b
Spirit,Unknown
Spyro_Gyra,jazz
Squeeze,pop
Squirrel_Nut_Zippers,jazz
Stampeders,Unknown
Stan_Getz,latin
Stan_Kenton,jazz
Stanley_Clarke,jazz
Stansfield_Lisa,Unknown
Star_Wash,electronic
Starland_Vocal_Band,rock
Starship,Unknown
Status_Quo,rock
Steam,holiday
Steely_Dan,rock
Stephanie_Mills,r&b
Stephen_Bishop,rock
Steppenwolf,rock
Steps_Ahead,electronic
Stern_Mike,jazz
Steve_Allen,electronic
Steve_Miller_Band,rock
Steve_Perry,rock
Steve_Vai,Unknown
Steve_Winwood,rock
Stevens_Shakin_,holiday
Stevie_B,r&b
Stevie_Nicks,Unknown
Stevie_Wonder,jazz
Stewart_Rod,rock
Stiltskin,Unknown
Sting,rock
Stone_Temple_Pilots,rock
Stone_and_Stone,Unknown
Stories,children
Strawberry_Alarm_Clock,rock
Stray_Cats,rock
Streisand,adult standards
Styx,Unknown
Sublime,rock
Sugar_Lee_Hooper,Unknown
Sugar_Ray,Unknown
Sugarloaf,Unknown
Summer_Donna,disco
Supermax,Unknown
Supertramp,rock
Surface,Unknown
Survivor,Unknown
Suzanne_Ciani,new age
Suzanne_Vega,folk
Suzi_Quatro,rock
Sweet,Unknown
Swing_Out_Sister,Unknown
Swingin_Medallions,rock
Sydney_Youngblood,Unknown
Sylvester,disco
T._Rex,rock
TLC,r&b
TURNER_TINA,r&b
T_Pau,r&b
Taco,Unknown
Tag_Team,hip-hop
Taja_Sevelle,Unknown
Take_That,Unknown
Tal_Bachman,Unknown
Talk_Talk,rock
Talk_of_the_Town,hip-hop
Talking_Heads,rock
Tammy_Wynette,country
Tanita_Tikaram,Unknown
Tasmin_Archer,Unknown
Tatum_Art,jazz
Tatyana_Ali,Unknown
Tavares,latin
Taylor_Dayne,Unknown
Taylor_James,rock
Tears_for_Fears,rock
Tears_n_Joy,Unknown
Technohead,electronic
Technotronic,electronic
Ted_Nugent,rock
Television_Theme_Songs,Unknown
Telly_Savalas,Unknown
Ten_Years_After,rock
Terry_Jacks,Unknown
Terry_Stafford,pop
Texas,hip-hop
The_Alan_Parsons_Project,rock
The_Allman_Brothers_Band,Unknown
The_Animals,rock
The_Archies,Unknown
The_Association,pop
The_B-52_s,rock
The_Babys,rock
The_Bangles,pop
The_Beach_Boys,pop
The_Beatles,rock
The_Beau_Brummels,rock
The_Beautiful_South,pop
The_Blue_Diamonds,rock
The_Bluebells,pop
The_Bluegrass_Cardinals,folk
The_Blues_Brothers,r&b
The_Boomtown_Rats,rock
The_Box_Tops,Unknown
The_Brecker_Brothers,jazz
The_Brian_Setzer_Orchestra,rock
The_Brothers_Four,folk
The_Brown_James,Unknown
The_Buckinghams,pop
The_Byrds,rock
The_Cardigans,Unknown
The_Cars,pop
The_Chaplin_Band,disco
The_Charmaines,r&b
The_Chi-Lites,jazz
The_Chiffons,pop
The_Chordettes,pop
The_Christians,Unknown
The_Clash,rock
The_Commitments,Unknown
The_Contours,jazz
The_Corrs,rock
The_Cover_Girls,electronic
The_Cowsills,pop
The_Cranberries,Unknown
The_Cult,rock
The_Cure,rock
The_Cyrkle,pop
The_Dave_Clark_Five,Unknown
The_Dinky_Toys,Unknown
The_Doobie_Brothers,rock
The_Doors,rock
The_Drifters,pop
The_Easybeats,rock
The_Escape_Club,Unknown
The_Everly_Brothers,pop
The_Fabulous_Thunderbirds,r&b
The_Five_Satins,pop
The_Five_Stairsteps,Unknown
The_Fixx,rock
The_Flying_Pickets,Unknown
The_Folk_Implosion,Unknown
The_Four_Aces,pop
The_Four_Preps,pop
The_Four_Seasons,pop
The_Gap_Band,r&b
The_Go-Go_s,Unknown
The_Grass_Roots,rock
The_Happenings,pop
The_Hollies,Unknown
The_Honeydrippers,Unknown
The_Hooters,Unknown
The_Human_League,rock
The_Ink_Spots,adult standards
The_Isley_Brothers,jazz
The_J._Geils_Band,rock
The_KLF,electronic
The_Kelly_Family,pop
The_Kinks,rock
The_Knack,pop
The_Left_Banke,pop
The_Lemon_Pipers,rock
The_Lemonheads,pop
The_Lovin_Spoonful,rock
The_Main_Ingredient,r&b
The_Mamas_and_The_Papas,rock
The_Manhattan_Transfer,jazz
The_Manhattans,r&b
The_Marcels,pop
The_Marshall_Tucker_Band,rock
The_Mavericks,Unknown
The_McCoys,Unknown
The_McGuire_Sisters,adult standards
The_Mighty_Mighty_Bosstones,rock
The_Mindbenders,Unknown
The_Monkees,Unknown
The_Moody_Blues,rock
The_New_Colony_Six,rock
The_New_Seekers,Unknown
The_Notorious_B.I.G.,hip-hop
The_O_Jays,Unknown
The_Offspring,rock
The_Outfield,Unknown
The_Outhere_Brothers,electronic
The_Partridge_Family,pop
The_Pasadenas,Unknown
The_Platters,pop
The_Pointer_Sisters,disco
The_Police,rock
The_Presidents_of_the_United_States_of_America,rock
The_Pretenders,pop
The_Prodigy,electronic
The_Psychedelic_Furs,rock
The_Ramsey_Lewis_Trio,Unknown
The_Rascals,Unknown
The_Raspberries,Unknown
The_Righteous_Brothers,Unknown
The_Rippingtons,jazz
The_Ritchie_Family,disco
The_Rivieras,rock
The_Robert_Cray_Band,r&b
The_Rolling_Stones,rock
The_Romantics,pop
The_Ronettes,holiday
The_Rooftop_Singers,Unknown
The_Rubettes,rock
The_Rutles,pop
The_Searchers,Unknown
The_Seekers,Unknown
The_Shadows,rock
The_Shamen,electronic
The_Shangri-Las,pop
The_Smashing_Pumpkins,rock
The_Smiths,rock
The_Soul_Survivors,r&b
The_Spencer_Davis_Group,rock
The_Spotnicks,rock
The_Standells,rock
The_Stranglers,rock
The_Style_Council,Unknown
The_Stylistics,r&b
The_Sugarhill_Gang,hip-hop
The_Supremes,jazz
The_Surfaris,rock
The_Swinging_Blue_Jeans,Unknown
The_Sylvers,disco
The_Syndicate_of_Sound,Unknown
The_Temptations,jazz
The_The_Kingston_Trio,folk
The_Tony_Rich_Project,r&b
The_Tragically_Hip,Unknown
The_Trammps,disco
The_Tremeloes,Unknown
The_Troggs,rock
The_Vapors,rock
The_Ventures,rock
The_Verve,pop
The_Verve_Pipe,rock
The_Walker_Brothers,pop
The_Wallflowers,Unknown
The_Weather_Girls,Unknown
The_Whispers,disco
The_Who,rock
The_Yardbirds,rock
The_Youngbloods,Unknown
The_Zombies,pop
Thelma_Houston,jazz
Thelonious_Monk,jazz
Them,metal
Theodorakis_Mikis,world
They_Might_Be_Giants,Unknown
Thin_Lizzy,rock
Third_Eye_Blind,Unknown
Thomas_Campion,classical
Thomas_Dolby,rock
Thompson_Twins,rock
Three_Dog_Night,Unknown
Three_degrees_the,r&b
Tiffany,gospel
Tim_Immers,Unknown
Time_Bandits,pop
Timeless,Unknown
Tina_Turner,r&b
Toad_the_Wet_Sprocket,Unknown
Todd_Rundgren,pop
Tokens,Unknown
Tom_Astor,pop
Tom_Jones,Unknown
Tom_McDermott,jazz
Tom_Petty,rock
Tom_Petty_and_The_Heartbreakers,rock
Tom_Turpin,jazz
Tommy_Edwards,pop
Tommy_Flanagan,jazz
Tommy_James,Unknown
Tommy_Roe,pop
Tone-Loc,Unknown
Toni_Basil,Unknown
Toni_Braxton,r&b
Tony_Joe_White,r&b
Tony_Orlando,Unknown
Tool,metal
Tori_Amos,folk
Tornados,latin
"Torriani,_Vico",pop
Toto,rock
Toussaint,Unknown
Tower_of_Power,jazz
Toy_Boy,Unknown
Toys,latin
Tozzi,disco
Tozzi_Umberto,disco
Tracey_Ullman,Unknown
Tracy_Byrd,country
Tracy_Chapman,Unknown
Traffic,rock
Trance,electronic
Trans-X,disco
Traveling_Wilburys,Unknown
Travis_Tritt,country
Trinere,r&b
Trini_Lopez,Unknown
Trio,classical
Trio_Hellenique,Unknown
Trio_Rio,Unknown
Trisha_Yearwood,country
Trovato,folk
Tupac,hip-hop
Turtles,folk
Twila_Paris,gospel
Tyner_Mccoy,jazz
Type_O_Negative,metal
Typically_Tropical,Unknown
U.S.A._for_Africa,Unknown
U2,classical
U96,electronic
UB40,reggae
UZEB,jazz
Ugly_Kid_Joe,metal
Ultravox,pop
Umberto_Tozzi,disco
Undercover,Unknown
Urban_Cookie_Collective,electronic
Uriah_Heep,rock
Us3,Unknown
Usher,r&b
VOF_de_Kunst,pop
Valens_Ritchie,pop
Van_Halen,metal
Van_McCoy,disco
Van_Morrison,Unknown
Vanessa_Paradis,world
Vanessa_Williams,Unknown
Vangelis,new age
Vanilla_Fudge,rock
Vanilla_Ice,Unknown
Vasco,folk
Vaughan_Sarah,jazz
Vaughn,hip-hop
Vega,latin
Venditti_Antonello,folk
Vengaboys,electronic
Ventures,rock
Vera,Unknown
Vera_Lynn,adult standards
Vertical_Horizon,Unknown
Veruca_Salt,rock
Vicki_Brown,Unknown
Vicki_Sue_Robinson,disco
Victoria_Williams,country
Village_People,disco
Vince_Guaraldi,holiday
Vincent_Gene,rock
Visage,pop
Wagner,classical
Waller_Fats,jazz
Walter_Donaldson,Unknown
Walter_Egan,Unknown
Walter_Murphy,disco
Wang_Chung,rock
War,anime
Warren,Unknown
Warren_G,hip-hop
Warren_Zevon,folk
"Warwick,_Dionne",Unknown
Was_Not_Was_,Unknown
Washington_Dinah,jazz
Watanabe,j-pop
Watson_Johnny_Guitar,r&b
Wax,Unknown
Wayne_Jeff,rock
Weather_Report,jazz
Weezer,rock
Weird_Al_Yankovic,comedy
Wendy_Moten,jazz
Werner,Unknown
Westbam,electronic
Westernhagen,rock
Westlife,Unknown
Wet_Wet_Wet,country
Wet_Willie,rock
Wham_,classical
Whigfield,electronic
White_Barry,disco
White_Lion,metal
White_Town,Unknown
White_Zombie,metal
Whiteman_Paul_and_His_Orchestra,jazz
Whitesnake,metal
Whitney_Houston,pop
Wilbert_Harrison,pop
Wild_Cherry,Unknown
Will_Glahe,polka
Will_Smith,hip-hop
Will_to_Power,r&b
Willeke_Alberti,pop
William_Orbit,electronic
Williams_Deniece,Unknown
Willie_Nelson,country
"Wilson,Jackie",r&b
Wilson_Phillips,Unknown
Wilson_Pickett,jazz
Wilson_Teddy,jazz
Wing,hip-hop
Winger,metal
Wings,hip-hop
Wolfgang_Amadeus_Mozart,classical
Wolfgang_Ambros,rock
Wolter_Kroes,pop
Womack,country
Wonder_Stevie,jazz
Worlds_Apart,electronic
Xavier_Cugat,exotica
Xscape,r&b
Yanni,Unknown
Yazoo,pop
Yazz_and_plastic_population,Unknown
Yes,classical
Young_Paul,Unknown
Youssou_N_Dour,Unknown
Yvonne_Elliman,disco
ZZ_Top,rock
Zamfir_Gheorghe,Unknown
Zappa,rock
Zappa_Frank,rock
Zebrahead,rock
Zequinha_Abreu,Unknown
Zero,pop
Zez_Confrey,jazz
Zeze_di_Camargo,latin
Zhane,r&b
Zhi-Vago,electronic
Zucchero,disco
a-ha,rock
blink-182,pop
dc_Talk,rock
elgar,classical
k.d._lang,Unknown
the_mamas_and_papas,rock
